"","x"
"1","hive"
"2","gl_hi_rs_ssp1_gfdl_4p5"
"3","gl_hi_rs_ssp1_gfdl_6p0"
"4","gl_hi_rs_ssp1_hadg_4p5"
"5","gl_hi_rs_ssp1_hadg_6p0"
"6","gl_hi_rs_ssp1_ipsl_4p5"
"7","gl_hi_rs_ssp1_ipsl_6p0"
"8","gl_hi_rs_ssp1_miro_4p5"
"9","gl_hi_rs_ssp1_miro_6p0"
"10","gl_hi_rs_ssp1_nrsm_6p0"
"11","gl_hi_rs_ssp2_gfdl_4p5"
"12","gl_hi_rs_ssp5_gfdl_8p5"
"13","gl_hi_rs_ssp5_hadg_8p5"
"14","gl_hi_rs_ssp5_ipsl_8p5"
"15","gl_hi_rs_ssp5_miro_8p5"
"16","gl_hi_rs_ssp5_nrsm_8p5"
"17","gl_lo_rs_ssp1_gfdl_4p5"
"18","gl_lo_rs_ssp1_gfdl_6p0"
"19","gl_lo_rs_ssp1_hadg_4p5"
"20","gl_lo_rs_ssp1_hadg_6p0"
"21","gl_lo_rs_ssp1_ipsl_4p5"
"22","gl_lo_rs_ssp1_ipsl_6p0"
"23","gl_lo_rs_ssp1_miro_4p5"
"24","gl_lo_rs_ssp1_miro_6p0"
"25","gl_lo_rs_ssp1_nrsm_6p0"
"26","gl_lo_rs_ssp2_gfdl_4p5"
"27","gl_lo_rs_ssp2_miro_4p5"
"28","gl_lo_rs_ssp2_nrsm_4p5"
"29","gl_lo_rs_ssp5_gfdl_8p5"
"30","gl_lo_rs_ssp5_hadg_8p5"
"31","gl_lo_rs_ssp5_ipsl_8p5"
"32","gl_lo_rs_ssp5_miro_8p5"
"33","gl_lo_rs_ssp5_nrsm_8p5"
"34","gl_md_rs_ssp1_gfdl_6p0"
"35","gl_md_rs_ssp1_hadg_4p5"
"36","gl_md_rs_ssp1_hadg_6p0"
"37","gl_md_rs_ssp1_ipsl_4p5"
"38","gl_md_rs_ssp1_ipsl_6p0"
"39","gl_md_rs_ssp1_miro_4p5"
"40","gl_md_rs_ssp1_miro_6p0"
"41","gl_md_rs_ssp1_nrsm_6p0"
"42","gl_md_rs_ssp2_gfdl_4p5"
"43","gl_md_rs_ssp2_hadg_4p5"
"44","gl_md_rs_ssp2_nrsm_4p5"
"45","gl_md_rs_ssp5_gfdl_8p5"
"46","gl_md_rs_ssp5_hadg_8p5"
"47","gl_md_rs_ssp5_ipsl_8p5"
"48","gl_md_rs_ssp5_miro_8p5"
"49","gl_md_rs_ssp5_nrsm_8p5"
"50","wg_hi_rs_ssp1_gfdl_4p5"
"51","wg_hi_rs_ssp1_gfdl_6p0"
"52","wg_hi_rs_ssp1_ipsl_4p5"
"53","wg_hi_rs_ssp1_ipsl_6p0"
"54","wg_hi_rs_ssp5_gfdl_8p5"
"55","wg_hi_rs_ssp5_ipsl_8p5"
"56","wg_lo_rs_ssp1_gfdl_4p5"
"57","wg_lo_rs_ssp1_gfdl_6p0"
"58","wg_lo_rs_ssp1_ipsl_4p5"
"59","wg_lo_rs_ssp1_ipsl_6p0"
"60","wg_lo_rs_ssp1_miro_4p5"
"61","wg_lo_rs_ssp5_gfdl_8p5"
"62","wg_lo_rs_ssp5_ipsl_8p5"
"63","wg_md_rs_ssp1_gfdl_4p5"
"64","wg_md_rs_ssp1_gfdl_6p0"
"65","wg_md_rs_ssp1_ipsl_6p0"
"66","wg_md_rs_ssp2_gfdl_4p5"
"67","wg_md_rs_ssp5_gfdl_8p5"
"68","wg_md_rs_ssp5_ipsl_8p5"
"69","sv"
